{"train_set_before_training": 0.3946172925016934, "global_step": 251, "average_loss": 1.1079852179702059, "train_set_after_training": 0.5380492077962424, "test_set_after_training": {"acc": 0.5528}}