{"train_set_before_training": 0.42876786978421294, "global_step": 251, "average_loss": 1.0980945019370532, "train_set_after_training": 0.5452200396229202, "test_set_after_training": {"acc": 0.558}}