{"train_set_before_training": 0.3305585405727498, "global_step": 251, "average_loss": 1.06140707658819, "train_set_after_training": 0.654738198430362, "test_set_after_training": {"acc": 0.6468}}