{"train_set_before_training": 0.3774261399228932, "global_step": 251, "average_loss": 1.0865838287836052, "train_set_after_training": 0.6124949707411727, "test_set_after_training": {"acc": 0.6}}