{"train_set_before_training": 0.36178323512485294, "global_step": 251, "average_loss": 1.1365805901141757, "train_set_after_training": 0.540771373713401, "test_set_after_training": {"acc": 0.5316}}