{"train_set_before_training": 0.29113679074718235, "global_step": 251, "average_loss": 1.104735195874218, "train_set_after_training": 0.6324948688827661, "test_set_after_training": {"acc": 0.6464}}