{"train_set_before_training": 0.3305585405727498, "global_step": 251, "average_loss": 1.0481388313005644, "train_set_after_training": 0.6612953333571003, "test_set_after_training": {"acc": 0.68}}